{"cameraMode":{"drawMode":0,"name":"Shaded","section":"Shading Mode"},"sceneLighting":true,"audioPlay":false,"sceneViewState":{"m_AlwaysRefresh":false,"showFog":true,"showSkybox":true,"showFlares":true,"showImageEffects":true,"showParticleSystems":true,"showVisualEffectGraphs":true,"m_FxEnabled":true},"in2DMode":false,"pivot":{"x":13.246355056762696,"y":2.155081272125244,"z":14.198893547058106},"rotation":{"x":-0.0041784667409956459,"y":0.9875890016555786,"z":-0.15472811460494996,"w":-0.026669912040233613},"size":3.3680741786956789,"orthographic":false}