{"cameraMode":{"drawMode":0,"name":"Shaded","section":"Shading Mode"},"sceneLighting":true,"audioPlay":false,"sceneViewState":{"m_AlwaysRefresh":false,"showFog":true,"showSkybox":true,"showFlares":true,"showImageEffects":true,"showParticleSystems":true,"showVisualEffectGraphs":true,"m_FxEnabled":true},"in2DMode":false,"pivot":{"x":-2.2160003185272219,"y":0.4383462965488434,"z":-8.59489917755127},"rotation":{"x":-0.11648730933666229,"y":-0.03213714435696602,"z":0.004029728937894106,"w":-0.9929034113883972},"size":0.1414216011762619,"orthographic":false}